First_Name,Last_Name,Street_Number,Street_Name,Street_Type,Street_Dir_Suffix
Jared,Freeman,1147,Daniel Motorway Suite 235, , 
April,White,279,Cheyenne Forges, , 
Angelica,Terrell MD,191,Gutierrez Points Apt. 138, , 
Kristen,Christensen,954,Todd Village, , 
Ian,Kelly,810,Harrington Gardens, , 
Nicolas,Walker,9078,Cassandra Motorway Suite 732, , 
Maria,Burgess,7016,Logan Square Apt. 184, , 
Kenneth,Floyd,03606,King Freeway Apt. 240, , 
Phyllis,Johnson,9762,Wright Plaza, , 
Kaitlyn,Owen,472,Kelly Corner Apt. 122, , 
Daniel,Carson,2065,Turner Spurs Apt. 272, , 
Eric,Brady,0461,Herrera Meadows, , 
Rachel,Delgado,8884,Gutierrez Club, , 
Nina,Richardson,6778,Saunders Shore Apt. 103, , 
Jennifer,Duncan,820,Ellen Points Suite 705, , 
William,Morse Jr.,594,Harold Fork, , 
Brittney,Perez,5992,Terri River Apt. 464, , 
Rodney,Hansen,51473,Lucas Walk Suite 155, , 
Christy,Aguilar,3240,Schultz Brooks, , 
Dr.,Rhonda Hendricks,269,Page Turnpike, , 
Phillip,Blanchard,063,Sosa Parkways, , 
Damon,Hill,46315,Paula Burgs, , 
Abigail,Shaw,337,Cordova Turnpike Suite 598, , 
Deanna,Lopez,10811,Elizabeth Parks, , 
Taylor,Gordon DDS,488,Julia Hills, , 
Bradley,Horne,47720,Denise Orchard, , 
Judy,Henderson,020,Andrea Garden, , 
Shelly,Nicholson,0551,Levy Lodge, , 
Christina,Jimenez,1467,Goodwin View, , 
Rodney,Bailey,850,Nelson Trail, , 
Nicholas,Lowe,672,Julie Shoals Suite 009, , 
Gregory,Ryan,44462,Alexandra Islands Suite 088, , 
Carrie,Sullivan,73187,Jason Fork Suite 529, , 
Dr.,Todd Brown,65484,Christopher Estate, , 
Mr.,Daniel Rogers MD,18991,Erik Island, , 
Chelsea,Tran,233,Glover Motorway, , 
Leah,Lara,7746,Maria Prairie Apt. 983, , 
Lindsay,Powell,1036,Patricia Groves Suite 456, , 
Erik,Anthony,7370,Todd Meadow Apt. 546, , 
Christina,Weiss,882,Phillips Street Suite 383, , 
Sergio,Sawyer,55643,Johnson Passage, , 
Susan,Mcintyre,8586,Jenna Trace Suite 281, , 
Kelsey,Davies,55891,Patel Row Apt. 948, , 
Mathew,Smith,19983,Stephanie Manors, , 
Larry,Cameron,5405,Dennis Via, , 
Natalie,Holmes,1046,James Trail, , 
Cameron,Mcmahon,78068,Reeves Ports Apt. 275, , 
Sandra,Humphrey,408,Paula Harbor Suite 649, , 
Summer,Brown,165,Joshua Row, , 
Matthew,Ingram,04023,Kimberly Vista, , 
Christina,Goodman,543,Melissa Ferry, , 
Jonathon,Cardenas,621,Trevor Centers, , 
Heather,Collier,90798,Hernandez Square Apt. 244, , 
Gabriel,Anthony,837,Jennifer Crossing, , 
Joanna,Manning,8738,Williams Vista, , 
Bethany,Wade,0872,Sandra Locks Suite 998, , 
Cassandra,Duncan,720,Dillon Summit Apt. 619, , 
Shawn,Riley,656,Thompson Islands, , 
Allison,Smith DVM,491,Harris Hollow Apt. 825, , 
Makayla,Boyd,19492,Vanessa Trace, , 
Monica,Levy,612,Rivera Row, , 
Ralph,Evans,94925,Simpson Roads, , 
Paula,Chan,3802,Taylor Walk, , 
Erin,Warren,7522,Davis Orchard, , 
Troy,White,72949,Bullock Underpass Suite 025, , 
Lindsay,Ferrell,559,Brown Loop, , 
Jennifer,Escobar,66988,Robert Overpass Apt. 169, , 
Richard,Lawrence,51977,Sheri Cape, , 
Javier,Stewart,3145,Hernandez Locks Apt. 956, , 
John,Chase,03744,Andrea Center, , 
Mario,Thomas,523,Mitchell Roads, , 
Glen,Meza,151,Kyle Junction Suite 668, , 
Norma,Young,9067,Jason Mountain, , 
Hannah,Cisneros,84301,Benjamin Brook Suite 638, , 
Caroline,Baldwin,530,Ronald Lodge Apt. 733, , 
Samantha,Herrera,4453,John Causeway Apt. 743, , 
Drew,Holloway,68302,Morrison Street Apt. 089, , 
Jill,Conrad,524,Andrew Meadows, , 
Judith,Mcmillan,7946,Henderson Passage Apt. 432, , 
Tyler,Mason,752,Brandi Walk, , 
Carlos,Young,8208,Hahn Flats, , 
Benjamin,Cruz,210,Theodore Passage Apt. 302, , 
Michelle,Bradford,150,Jonathan Pine, , 
Sarah,Mueller,5742,Kaiser Cliffs, , 
Charlene,Perez,7813,Turner Village Apt. 874, , 
Gerald,Butler,6850,Jackson Walk Suite 914, , 
Krystal,Howe,78966,Thompson Curve Suite 636, , 
Melissa,Shelton,5693,Jake Plains, , 
Mrs.,Pamela Young,686,Tabitha Hollow Apt. 891, , 
Mark,Massey,018,Lori Port, , 
Elizabeth,Rios,7982,Teresa Garden Suite 334, , 
Erin,Stewart,084,Taylor Brooks Suite 469, , 
Anne,Kramer,0180,Casey Fields Apt. 719, , 
Carlos,Johnson,927,Bell Tunnel, , 
Teresa,Black,071,Woods Islands Suite 642, , 
Jeremy,Figueroa,3890,Edward Parkways, , 
Richard,Klein,23923,Newton Pines Suite 528, , 
Peter,Harvey,12239,Victoria Mountains Suite 294, , 
George,Vargas Jr.,435,Nelson Fork, , 
Adam,Khan,6143,Sean Harbor, , 
